passport_number,user_id,issuing_country_id,expiry_date,created_at
P67014106,madisonmorales1,GTM,2036-03-28,2026-03-29
P94170629,nataliegonzalez2,AGO,2036-03-28,2026-03-29
P92262387,averyross3,SGP,2036-03-28,2026-03-29
P67584024,lucycastillo4,SRB,2036-03-28,2026-03-29
P66354582,paisleymitchell5,TUN,2036-03-28,2026-03-29
P24797168,johnrichardson6,UGA,2036-03-28,2026-03-29
P77573152,lunajohnson7,MTQ,2036-03-28,2026-03-29
P36563711,annacooper8,CHN,2036-03-28,2026-03-29
P50893219,delilahcruz9,REU,2036-03-28,2026-03-29
P50537366,oliviabennett10,CZE,2036-03-28,2026-03-29
P87755881,ariareyes11,GTM,2036-03-28,2026-03-29
P64610286,hannahcastillo12,FSM,2036-03-28,2026-03-29
P70061326,penelopemyers13,PSE,2036-03-28,2026-03-29
P38804171,skylarnelson14,SOM,2036-03-28,2026-03-29
P54943182,skylarnelson14,TCA,2036-03-28,2026-03-29
P14066172,chloeharris15,ZAF,2036-03-28,2026-03-29
P92503514,ariarodriguez16,POL,2036-03-28,2026-03-29
P90422599,ryleemitchell17,IDN,2036-03-28,2026-03-29
P08620678,nataliemyers18,RWA,2036-03-28,2026-03-29
P50401106,rileyruiz19,PAN,2036-03-28,2026-03-29
P72958296,genesismurphy20,ARM,2036-03-28,2026-03-29
P65183389,isabellahughes21,AGO,2036-03-28,2026-03-29
P39455993,charlottehughes22,ARM,2036-03-28,2026-03-29
P54004673,madisonmorales23,PAN,2036-03-28,2026-03-29
P29536206,madisonmorales23,NAM,2036-03-28,2026-03-29
P35699574,averymoore24,SLV,2036-03-28,2026-03-29
P79283627,willowrogers25,POL,2036-03-28,2026-03-29
P93735031,abigaillewis26,SOM,2036-03-28,2026-03-29
P41877481,emiliaevans27,NER,2036-03-28,2026-03-29
P96967418,emiliaevans27,GRL,2036-03-28,2026-03-29
P87997957,genesisedwards28,GAB,2036-03-28,2026-03-29
P52029210,mayahall29,TZA,2036-03-28,2026-03-29
P19908857,camilajames30,NRU,2036-03-28,2026-03-29
P99819594,serenitytorres31,BLZ,2036-03-28,2026-03-29
P15275178,evelynjones32,CYM,2036-03-28,2026-03-29
P66621379,audreyharris33,TUR,2036-03-28,2026-03-29
P15922956,isabellaramos34,AIA,2036-03-28,2026-03-29
P12229114,audreybrooks35,ARM,2036-03-28,2026-03-29
P21384047,zoeadams36,ZAF,2036-03-28,2026-03-29
P08691436,ellamorris37,ESP,2036-03-28,2026-03-29
P71408351,zoelewis38,MMR,2036-03-28,2026-03-29
P93202244,elenagarcia39,ZAF,2036-03-28,2026-03-29
P83907006,coralewis40,SWZ,2036-03-28,2026-03-29
P44183230,chloetorres41,USA,2036-03-28,2026-03-29
P95365512,aubreychavez42,MUS,2036-03-28,2026-03-29
P62208371,jenymitchell43,MEX,2036-03-28,2026-03-29
P94382405,sophiabrown44,HTI,2036-03-28,2026-03-29
P03775694,abigailtaylor45,MYS,2036-03-28,2026-03-29
P38149551,ryleeclark46,GMB,2036-03-28,2026-03-29
P02733867,nevaehlopez47,DOM,2036-03-28,2026-03-29
P27179991,nevaehlopez47,EST,2036-03-28,2026-03-29
P35707497,lilyhall48,BGD,2036-03-28,2026-03-29
P81987181,lilyhall48,JAM,2036-03-28,2026-03-29
P32927172,abigailmurphy49,AGO,2036-03-28,2026-03-29
P83041435,allisonlong50,PRI,2036-03-28,2026-03-29
P15207573,michaeltaylor51,BEN,2036-03-28,2026-03-29
P09448335,miascott52,GTM,2036-03-28,2026-03-29
P65815509,emeryward53,KEN,2036-03-28,2026-03-29
P46842822,vivianthomas54,TCA,2036-03-28,2026-03-29
P59046147,valentinascott55,TUN,2036-03-28,2026-03-29
P91866907,eleanoredwards56,GNB,2036-03-28,2026-03-29
P74278593,eleanormitchell57,CYP,2036-03-28,2026-03-29
P92700955,valentinacooper58,KGZ,2036-03-28,2026-03-29
P59225303,emeryruiz59,LBY,2036-03-28,2026-03-29
P27739255,camilaturner60,GUY,2036-03-28,2026-03-29
P77000853,naomirogers61,ECU,2036-03-28,2026-03-29
P68313646,aliceprice62,SWZ,2036-03-28,2026-03-29
P09029677,aliceprice62,CHE,2036-03-28,2026-03-29
P48980822,piperwilliams63,BDI,2036-03-28,2026-03-29
P23262965,eleanorrichardson64,DMA,2036-03-28,2026-03-29
P20463757,lydiaking65,TON,2036-03-28,2026-03-29
P78046415,elenahoward66,CMR,2036-03-28,2026-03-29
P47283251,samanthataylor67,HUN,2036-03-28,2026-03-29
P83060083,penelopesanchez68,SYC,2036-03-28,2026-03-29
P25699447,sarahhoward69,NOR,2036-03-28,2026-03-29
P34026834,madelynwalker70,CHN,2036-03-28,2026-03-29
P51540606,lilygreen71,TWN,2036-03-28,2026-03-29
P23125303,emerywilson72,COM,2036-03-28,2026-03-29
P58869113,madelynjohnson73,COL,2036-03-28,2026-03-29
P13351914,genesisyoung74,KGZ,2036-03-28,2026-03-29
P63801086,genesisyoung74,PAN,2036-03-28,2026-03-29
P65576747,avamyers75,PYF,2036-03-28,2026-03-29
P63906853,willowramos76,ERI,2036-03-28,2026-03-29
P64760956,annacooper77,NZL,2036-03-28,2026-03-29
P97002083,miaallen78,TUN,2036-03-28,2026-03-29
P13779332,violetortiz79,AND,2036-03-28,2026-03-29
P13565624,ariajames80,YEM,2036-03-28,2026-03-29
P01201099,vivianmorris81,PAK,2036-03-28,2026-03-29
P04532685,vivianmorris81,COM,2036-03-28,2026-03-29
P85823307,emiliawilson82,SMR,2036-03-28,2026-03-29
P75803736,laylagutierrez83,GRC,2036-03-28,2026-03-29
P22642011,victoriamartin84,REU,2036-03-28,2026-03-29
P76843315,milamyers85,HND,2036-03-28,2026-03-29
P21452875,valentinaevans86,LCA,2036-03-28,2026-03-29
P18815168,delilahmorgan87,GLP,2036-03-28,2026-03-29
P38257016,delilahmorgan87,MYS,2036-03-28,2026-03-29
P92585031,willowrogers88,VEN,2036-03-28,2026-03-29
P52046948,averycampbell89,PSE,2036-03-28,2026-03-29
P82246919,charlottemartin90,ALB,2036-03-28,2026-03-29
P22665202,addisonbennett91,SLE,2036-03-28,2026-03-29
P30400191,gabriellarodriguez92,PRI,2036-03-28,2026-03-29
P53736538,aubreymurphy93,PRK,2036-03-28,2026-03-29
P89831755,skylarhughes94,ISL,2036-03-28,2026-03-29
P94513543,victoriadiaz95,ROU,2036-03-28,2026-03-29
P31257334,everlyramos96,TUN,2036-03-28,2026-03-29
P68453941,emeryalvarez97,MWI,2036-03-28,2026-03-29
P56483796,samantharivera98,ESP,2036-03-28,2026-03-29
P80892541,madisonhughes99,TUN,2036-03-28,2026-03-29
P45485226,rubymorris100,NCL,2036-03-28,2026-03-29
P33678350,rubykelly101,AUT,2036-03-28,2026-03-29
P99013952,quinnmoore102,VUT,2036-03-28,2026-03-29
P23968947,aubreyrodriguez103,SPM,2036-03-28,2026-03-29
P32145864,charlotteflores104,GAB,2036-03-28,2026-03-29
P53991626,ellieking105,MOZ,2036-03-28,2026-03-29
P23875446,kinsleyyoung106,MYS,2036-03-28,2026-03-29
P80055574,oliviadiaz107,JOR,2036-03-28,2026-03-29
P49924268,audreyhill108,DEU,2036-03-28,2026-03-29
P08427653,juliamurphy109,EGY,2036-03-28,2026-03-29
P56347620,elladavis110,BFA,2036-03-28,2026-03-29
P38790616,claramiller111,KHM,2036-03-28,2026-03-29
P35894692,claramiller111,CAN,2036-03-28,2026-03-29
P80301678,addisoncruz112,DJI,2036-03-28,2026-03-29
P86722932,samanthaphillips113,THA,2036-03-28,2026-03-29
P78629762,norahernandez114,SGP,2036-03-28,2026-03-29
P48296603,elenakelly115,REU,2036-03-28,2026-03-29
P15794060,camilabrown116,ALB,2036-03-28,2026-03-29
P70924101,camilabrown116,ISL,2036-03-28,2026-03-29
P97800555,michaelwilliams117,IRQ,2036-03-28,2026-03-29
P83862040,emilycook118,SLE,2036-03-28,2026-03-29
P17668419,sophiabennett119,PRI,2036-03-28,2026-03-29
P54065768,rileygutierrez120,LBR,2036-03-28,2026-03-29
P61193541,elianaalvarez121,NOR,2036-03-28,2026-03-29
P26903930,delilahross122,WSM,2036-03-28,2026-03-29
P17783048,ariamoore123,LSO,2036-03-28,2026-03-29
P07285547,jenyhill124,CUB,2036-03-28,2026-03-29
P31077514,ariarodriguez125,BFA,2036-03-28,2026-03-29
P10226940,averyanderson126,COK,2036-03-28,2026-03-29
P78672450,islarivera127,EGY,2036-03-28,2026-03-29
P14963849,emerywilson128,MWI,2036-03-28,2026-03-29
P75794302,haileychavez129,TKM,2036-03-28,2026-03-29
P75688534,haileychavez129,CHL,2036-03-28,2026-03-29
P70771823,elizabethcarter130,TZA,2036-03-28,2026-03-29
P39993276,evelynthompson131,SAU,2036-03-28,2026-03-29
P72331623,lilyjames132,ZMB,2036-03-28,2026-03-29
P86065022,ryleeparker133,WSM,2036-03-28,2026-03-29
P42439689,rubyanderson134,GRC,2036-03-28,2026-03-29
P51043769,brooklynjohnson135,GAB,2036-03-28,2026-03-29
P91609160,kinsleyrivera136,PYF,2036-03-28,2026-03-29
P00635310,camilaphillips137,SUR,2036-03-28,2026-03-29
P16679205,annahoward138,COK,2036-03-28,2026-03-29
P78734385,willowsmith139,ARG,2036-03-28,2026-03-29
P49708579,arianarichardson140,TON,2036-03-28,2026-03-29
P56476416,sofiasmith141,KHM,2036-03-28,2026-03-29
P85787206,lilysmith142,BDI,2036-03-28,2026-03-29
P89988986,lillianharris143,PRI,2036-03-28,2026-03-29
P61937987,clarahernandez144,ROU,2036-03-28,2026-03-29
P22408480,stellaalvarez145,PRT,2036-03-28,2026-03-29
P33756499,samanthareed146,MLI,2036-03-28,2026-03-29
P53099210,juliacook147,BOL,2036-03-28,2026-03-29
P07839195,ariagreen148,MAC,2036-03-28,2026-03-29
P01984207,ivystewart149,BDI,2036-03-28,2026-03-29
P29198779,islaedwards150,SAU,2036-03-28,2026-03-29
P24339226,elenapatel151,GRC,2036-03-28,2026-03-29
P91902322,elenapatel151,VIR,2036-03-28,2026-03-29
P99411611,allisonkim152,CHN,2036-03-28,2026-03-29
P72381593,noraturner153,SUR,2036-03-28,2026-03-29
P99613663,rubycruz154,GIB,2036-03-28,2026-03-29
P18116802,isabellamartin155,MHL,2036-03-28,2026-03-29
P62050643,bellalong156,NOR,2036-03-28,2026-03-29
P84151166,akshayturner157,GLP,2036-03-28,2026-03-29
P06942803,lunahernandez158,PRK,2036-03-28,2026-03-29
P11353444,lunahernandez158,SUR,2036-03-28,2026-03-29
P56343492,nataliejones159,MKD,2036-03-28,2026-03-29
P31406350,hannahruiz160,FRO,2036-03-28,2026-03-29
P55879005,zoeycook161,FJI,2036-03-28,2026-03-29
P86840297,addisonross162,ESH,2036-03-28,2026-03-29
P09312421,annaramirez163,BLR,2036-03-28,2026-03-29
P76825995,ameliagreen164,GHA,2036-03-28,2026-03-29
P41165186,adelinemartinez165,TCD,2036-03-28,2026-03-29
P03455853,sadiecollins166,CUB,2036-03-28,2026-03-29
P43253401,lydiamorales167,BGR,2036-03-28,2026-03-29
P36488698,lydiamorales167,URY,2036-03-28,2026-03-29
P29675225,eleanorwright168,DMA,2036-03-28,2026-03-29
P46790882,brooklynwilson169,NIC,2036-03-28,2026-03-29
P14348411,brooklynwilson169,NPL,2036-03-28,2026-03-29
P79261982,sophielopez170,PSE,2036-03-28,2026-03-29
P99873724,madelinehoward171,MMR,2036-03-28,2026-03-29
P10130095,allisontorres172,MCO,2036-03-28,2026-03-29
P70135393,kinsleyjones173,MEX,2036-03-28,2026-03-29
P78825323,akshayjohnson174,SWE,2036-03-28,2026-03-29
P62943315,harpergarcia175,POL,2036-03-28,2026-03-29
P82441361,hazelrodriguez176,SDN,2036-03-28,2026-03-29
P26748470,adelineward177,NLD,2036-03-28,2026-03-29
P81991499,stellacampbell178,SYC,2036-03-28,2026-03-29
P06538338,sadieortiz179,ARG,2036-03-28,2026-03-29
P78169235,claramoore180,SUR,2036-03-28,2026-03-29
P14504668,jenymendoza181,IRL,2036-03-28,2026-03-29
P12334756,elenaross182,VEN,2036-03-28,2026-03-29
P34344134,lunaruiz183,WLF,2036-03-28,2026-03-29
P77571623,aaliyahmyers184,CMR,2036-03-28,2026-03-29
P37463337,hannahrogers185,MTQ,2036-03-28,2026-03-29
P05800217,carolinehoward186,REU,2036-03-28,2026-03-29
P96710404,josephinefoster187,ESH,2036-03-28,2026-03-29
P53956777,autumnalvarez188,SPM,2036-03-28,2026-03-29
P89349778,willowkelly189,MRT,2036-03-28,2026-03-29
P00662428,allisonwatson190,CUB,2036-03-28,2026-03-29
P41061606,kinsleynelson191,MWI,2036-03-28,2026-03-29
P46367711,kinsleynelson191,GRD,2036-03-28,2026-03-29
P60372929,sarahgarcia192,GIB,2036-03-28,2026-03-29
P73446892,madisonanderson193,LVA,2036-03-28,2026-03-29
P22183600,haileyrodriguez194,SVK,2036-03-28,2026-03-29
P91802334,adelinewhite195,ROU,2036-03-28,2026-03-29
P83400166,scarlettjones196,MDA,2036-03-28,2026-03-29
P74590348,stellalopez197,JOR,2036-03-28,2026-03-29
P86494887,gabriellaparker198,JOR,2036-03-28,2026-03-29
P36374888,addisoncampbell199,LTU,2036-03-28,2026-03-29
P06409320,lydiakim200,SWZ,2036-03-28,2026-03-29
P72579178,charlottesanchez201,BOL,2036-03-28,2026-03-29
P88116728,clairelewis202,VNM,2036-03-28,2026-03-29
P67710612,savannahmorgan203,MAR,2036-03-28,2026-03-29
P62628358,serenitytorres204,VUT,2036-03-28,2026-03-29
P34764039,annayoung205,LTU,2036-03-28,2026-03-29
P14697854,miathomas206,ZWE,2036-03-28,2026-03-29
P62151549,penelopegomez207,NIC,2036-03-28,2026-03-29
P05884375,claragomez208,LAO,2036-03-28,2026-03-29
P39423126,claragomez208,LTU,2036-03-28,2026-03-29
P28662528,gabriellawhite209,AZE,2036-03-28,2026-03-29
P50976777,ariabaker210,PSE,2036-03-28,2026-03-29
P14014439,sarahfoster211,BEL,2036-03-28,2026-03-29
P27972316,juliaturner212,ERI,2036-03-28,2026-03-29
P07759272,elizabethgarcia213,PRY,2036-03-28,2026-03-29
P01203905,delilahramirez214,GRL,2036-03-28,2026-03-29
P41158048,ameliarobinson215,VCT,2036-03-28,2026-03-29
P40112842,valentinahall216,SEN,2036-03-28,2026-03-29
P59220073,milarodriguez217,CPV,2036-03-28,2026-03-29
P40641828,juliaalvarez218,KGZ,2036-03-28,2026-03-29
P83611121,arianasanders219,LBN,2036-03-28,2026-03-29
P77287953,bellahernandez220,LUX,2036-03-28,2026-03-29
P28548955,sofiawilson221,KWT,2036-03-28,2026-03-29
P96157651,lunaclark222,BMU,2036-03-28,2026-03-29
P11385070,aubreyross223,IMN,2036-03-28,2026-03-29
P50313218,adelinethompson224,KAZ,2036-03-28,2026-03-29
P10905140,everlycarter225,BFA,2036-03-28,2026-03-29
P91123020,audreymitchell226,PAK,2036-03-28,2026-03-29
P91558060,quinnbrooks227,EST,2036-03-28,2026-03-29
P85756744,oliviathompson228,LBR,2036-03-28,2026-03-29
P97673832,ryleeortiz229,SLE,2036-03-28,2026-03-29
P03633988,emiliachavez230,YEM,2036-03-28,2026-03-29
P08823753,arianathomas231,GLP,2036-03-28,2026-03-29
P58016773,hazelmurphy232,GUF,2036-03-28,2026-03-29
P04799644,miladiaz233,GUY,2036-03-28,2026-03-29
P37900380,sadieross234,SPM,2036-03-28,2026-03-29
P57896476,hazeldavis235,COL,2036-03-28,2026-03-29
P87898046,ivylee236,TUN,2036-03-28,2026-03-29
P40717108,ellalewis237,LCA,2036-03-28,2026-03-29
P34282256,eleanormitchell238,PAN,2036-03-28,2026-03-29
P74545790,kinsleyhernandez239,USA,2036-03-28,2026-03-29
P51406742,elianagomez240,LSO,2036-03-28,2026-03-29
P07668780,victoriajackson241,KOR,2036-03-28,2026-03-29
P46131896,zoeycox242,KOR,2036-03-28,2026-03-29
P42024296,rubyrichardson243,SLV,2036-03-28,2026-03-29
P09379002,autumnsanchez244,JOR,2036-03-28,2026-03-29
P89393831,gabriellaramirez245,MDV,2036-03-28,2026-03-29
P81891950,pipermurphy246,ARM,2036-03-28,2026-03-29
P93109899,islalee247,BTN,2036-03-28,2026-03-29
P27585605,auroracox248,WSM,2036-03-28,2026-03-29
P05082963,sarahwright249,MHL,2036-03-28,2026-03-29
P12668763,josephinekim250,JAM,2036-03-28,2026-03-29
P38243345,elianabennett251,TUN,2036-03-28,2026-03-29
P27067719,elianabennett251,LBY,2036-03-28,2026-03-29
P55975496,clarabailey252,DZA,2036-03-28,2026-03-29
P42985576,clarabailey252,DNK,2036-03-28,2026-03-29
P12468899,evaparker253,ANT,2036-03-28,2026-03-29
P39571352,stellagonzalez254,TGO,2036-03-28,2026-03-29
P47769624,auroracooper255,IRL,2036-03-28,2026-03-29
P17607825,ariapatel256,SVK,2036-03-28,2026-03-29
P47541675,hazelevans257,NER,2036-03-28,2026-03-29
P49845541,johndavis258,ECU,2036-03-28,2026-03-29
P75084592,brooklynscott259,CHE,2036-03-28,2026-03-29
P31787538,elliejames260,GNB,2036-03-28,2026-03-29
P96359212,madisonwood261,ZAF,2036-03-28,2026-03-29
P37304240,rubyramirez262,MOZ,2036-03-28,2026-03-29
P11305728,miabrooks263,PNG,2036-03-28,2026-03-29
P74793840,adelinewilliams264,LBN,2036-03-28,2026-03-29
P91608135,allisonramirez265,TLS,2036-03-28,2026-03-29
P00496823,nataliekim266,PNG,2036-03-28,2026-03-29
P43645354,nataliekim266,LUX,2036-03-28,2026-03-29
P13772129,adelinecastillo267,URY,2036-03-28,2026-03-29
P44384495,kinsleyevans268,NAM,2036-03-28,2026-03-29
P40644595,emiliawhite269,ARM,2036-03-28,2026-03-29
P72047690,emiliawhite269,GTM,2036-03-28,2026-03-29
P03822998,gracegutierrez270,MKD,2036-03-28,2026-03-29
P38381904,sophiabailey271,CIV,2036-03-28,2026-03-29
P79830972,lydiawalker272,MCO,2036-03-28,2026-03-29
P53658337,carolinescott273,FJI,2036-03-28,2026-03-29
P08956059,emiliasanchez274,BRA,2036-03-28,2026-03-29
P81951641,leahpeterson275,VNM,2036-03-28,2026-03-29
P11488919,miarogers276,FSM,2036-03-28,2026-03-29
P90790673,miarogers276,ARM,2036-03-28,2026-03-29
P17707490,giannabrown277,PSE,2036-03-28,2026-03-29
P30695360,giannabrown277,SOM,2036-03-28,2026-03-29
P11670182,akshayrichardson278,WLF,2036-03-28,2026-03-29
P43330750,addisonruiz279,SRB,2036-03-28,2026-03-29
P85441060,abigailruiz280,IRL,2036-03-28,2026-03-29
P32506675,abigailruiz280,GRD,2036-03-28,2026-03-29
P84657584,islaturner281,SDN,2036-03-28,2026-03-29
P78133125,rileythompson282,GIB,2036-03-28,2026-03-29
P50966802,elenahernandez283,LIE,2036-03-28,2026-03-29
P50938576,penelopemorris284,GIN,2036-03-28,2026-03-29
P48411142,rubyhill285,NAM,2036-03-28,2026-03-29
P91641710,elenaclark286,ROU,2036-03-28,2026-03-29
P96333832,camilabaker287,BMU,2036-03-28,2026-03-29
P72545496,stellathomas288,CIV,2036-03-28,2026-03-29
P46216419,lillianroberts289,DOM,2036-03-28,2026-03-29
P84056449,haileyrichardson290,CZE,2036-03-28,2026-03-29
P15663429,haileyrichardson290,BRA,2036-03-28,2026-03-29
P97826032,naomimorris291,MUS,2036-03-28,2026-03-29
P19471549,naomimorris291,CZE,2036-03-28,2026-03-29
P04931715,lunamorgan292,FRO,2036-03-28,2026-03-29
P56040777,savannahrodriguez293,COL,2036-03-28,2026-03-29
P58509312,hazelsanders294,ESH,2036-03-28,2026-03-29
P66457820,scarletthoward295,FJI,2036-03-28,2026-03-29
P67105829,charlottechavez296,NZL,2036-03-28,2026-03-29
P08824144,audreymorgan297,PYF,2036-03-28,2026-03-29
P69795278,audreymorgan297,CHL,2036-03-28,2026-03-29
P91946795,leahkelly298,LCA,2036-03-28,2026-03-29
P86717038,leahjames299,SWZ,2036-03-28,2026-03-29
P02237241,ivynguyen300,GGY,2036-03-28,2026-03-29
P01104881,aryathompson301,MHL,2036-03-28,2026-03-29
P57848205,willowjimenez302,CYP,2036-03-28,2026-03-29
P51245096,elenaanderson303,MNG,2036-03-28,2026-03-29
P60631780,juliarobinson304,QAT,2036-03-28,2026-03-29
P04493170,jenywilson305,JAM,2036-03-28,2026-03-29
P68571199,rubyhall306,ZAF,2036-03-28,2026-03-29
P32602692,rubyhall306,COK,2036-03-28,2026-03-29
P57568874,arianamurphy307,SEN,2036-03-28,2026-03-29
P81493708,ivymyers308,SVN,2036-03-28,2026-03-29
P46388740,ellamiller309,LCA,2036-03-28,2026-03-29
P01610322,carolinecook310,VNM,2036-03-28,2026-03-29
P99408297,giannadavis311,GNQ,2036-03-28,2026-03-29
P10839273,gabriellajimenez312,NOR,2036-03-28,2026-03-29
P85294968,autumnsanders313,MRT,2036-03-28,2026-03-29
P06030002,emmaking314,POL,2036-03-28,2026-03-29
P64915461,valentinakim315,TUR,2036-03-28,2026-03-29
P57336859,ameliathompson316,GMB,2036-03-28,2026-03-29
P23401254,giannaramos317,BEN,2036-03-28,2026-03-29
P80398417,giannaramos317,IDN,2036-03-28,2026-03-29
P01121108,mayapeterson318,GAB,2036-03-28,2026-03-29
P30164416,kinsleymurphy319,PRI,2036-03-28,2026-03-29
P58708135,scarlettmendoza320,MDA,2036-03-28,2026-03-29
P52608601,delilahbailey321,PER,2036-03-28,2026-03-29
P77848143,jenywilliams322,SVK,2036-03-28,2026-03-29
P09992351,samanthajohnson323,SHN,2036-03-28,2026-03-29
P75175000,gabriellaramirez324,MNG,2036-03-28,2026-03-29
P28050522,emilyreed325,MWI,2036-03-28,2026-03-29
P24977444,camilamitchell326,ROU,2036-03-28,2026-03-29
P06683628,violetkim327,JEY,2036-03-28,2026-03-29
P78854038,violetkim327,AUS,2036-03-28,2026-03-29
P82704737,elizabethalvarez328,DEU,2036-03-28,2026-03-29
P04300463,sophiecook329,CIV,2036-03-28,2026-03-29
P80714380,allisonrivera330,SWE,2036-03-28,2026-03-29
P86755527,avawhite331,MLT,2036-03-28,2026-03-29
P38947251,avamyers332,MNP,2036-03-28,2026-03-29
P08967704,nataliejackson333,WSM,2036-03-28,2026-03-29
P99863985,rubyramos334,ESH,2036-03-28,2026-03-29
P72835961,ellieperez335,AGO,2036-03-28,2026-03-29
P40921353,paisleymurphy336,AIA,2036-03-28,2026-03-29
P51599732,paisleymurphy336,PRT,2036-03-28,2026-03-29
P30623007,lilliannguyen337,PAK,2036-03-28,2026-03-29
P19084045,josephinethompson338,GIN,2036-03-28,2026-03-29
P30266436,camilajohnson339,AND,2036-03-28,2026-03-29
P09001572,eleanorlee340,MYS,2036-03-28,2026-03-29
P33444547,clararichardson341,GMB,2036-03-28,2026-03-29
P36131737,hazelthompson342,GEO,2036-03-28,2026-03-29
P80929719,emerywilliams343,GGY,2036-03-28,2026-03-29
P80185183,nataliebrown344,BRA,2036-03-28,2026-03-29
P29827648,aurorawilson345,MYT,2036-03-28,2026-03-29
P85799412,samanthagreen346,GRD,2036-03-28,2026-03-29
P87132999,naomicox347,KOR,2036-03-28,2026-03-29
P86806323,piperparker348,NRU,2036-03-28,2026-03-29
P50471920,kinsleywilson349,SLV,2036-03-28,2026-03-29
P98213447,brooklynsmith350,HRV,2036-03-28,2026-03-29
P36393469,madelynramirez351,MSR,2036-03-28,2026-03-29
P30068996,addisonruiz352,LBY,2036-03-28,2026-03-29
P42973004,josephinewilliams353,SLV,2036-03-28,2026-03-29
P49028093,aurorascott354,NPL,2036-03-28,2026-03-29
P08911663,hazelbaker355,DMA,2036-03-28,2026-03-29
P22797530,natalielong356,ZAF,2036-03-28,2026-03-29
P71676989,julialong357,CAF,2036-03-28,2026-03-29
P75337521,lunathomas358,ARM,2036-03-28,2026-03-29
P82677275,lunathomas358,MDV,2036-03-28,2026-03-29
P03822921,madelynchavez359,YEM,2036-03-28,2026-03-29
P58689924,naomithompson360,COM,2036-03-28,2026-03-29
P85449261,averymitchell361,NIC,2036-03-28,2026-03-29
P85499397,rubykelly362,BRA,2036-03-28,2026-03-29
P06712449,oliviagreen363,MEX,2036-03-28,2026-03-29
P91193558,viviantorres364,LVA,2036-03-28,2026-03-29
P94674244,peytoncastillo365,GEO,2036-03-28,2026-03-29
P58007314,jenymoore366,SAU,2036-03-28,2026-03-29
P20543604,eleanordavis367,MAC,2036-03-28,2026-03-29
P57369241,lucysmith368,MHL,2036-03-28,2026-03-29
P00172718,eleanorhill369,GTM,2036-03-28,2026-03-29
P68012058,johncox370,QAT,2036-03-28,2026-03-29
P82064693,chloecox371,HKG,2036-03-28,2026-03-29
P33517275,chloecox371,AFG,2036-03-28,2026-03-29
P76958643,sarahstewart372,GTM,2036-03-28,2026-03-29
P40864034,abigailross373,GMB,2036-03-28,2026-03-29
P57252894,lydiaortiz374,ZAF,2036-03-28,2026-03-29
P87229678,emmamartinez375,COD,2036-03-28,2026-03-29
P60897593,hannahflores376,FRA,2036-03-28,2026-03-29
P03270162,stellajames377,DEU,2036-03-28,2026-03-29
P97803882,norataylor378,NOR,2036-03-28,2026-03-29
P06145785,norataylor378,FRO,2036-03-28,2026-03-29
P06005138,camilawright379,BWA,2036-03-28,2026-03-29
P68037700,kennedycastillo380,COL,2036-03-28,2026-03-29
P90860255,mayadavis381,MLI,2036-03-28,2026-03-29
P72636557,valentinabennett382,TCD,2036-03-28,2026-03-29
P27641062,clairenelson383,AGO,2036-03-28,2026-03-29
P76031903,clairenelson383,GBR,2036-03-28,2026-03-29
P59053977,carolinewright384,UZB,2036-03-28,2026-03-29
P40545913,madisonanderson385,IMN,2036-03-28,2026-03-29
P68994293,rileypeterson386,ISR,2036-03-28,2026-03-29
P67613527,everlymiller387,LBN,2036-03-28,2026-03-29
P64942337,ivytaylor388,RWA,2036-03-28,2026-03-29
P05279836,peytonsanders389,TLS,2036-03-28,2026-03-29
P65906771,madisonchavez390,CZE,2036-03-28,2026-03-29
P58413098,emmabennett391,CHE,2036-03-28,2026-03-29
P02547071,bellaramos392,COG,2036-03-28,2026-03-29
P55990264,sophiaparker393,CRC,2036-03-28,2026-03-29
P78226442,victoriabailey394,PHL,2036-03-28,2026-03-29
P21121650,michaellopez395,VNM,2036-03-28,2026-03-29
P10100228,adelinemendoza396,TWN,2036-03-28,2026-03-29
P23976107,violetphillips397,VNM,2036-03-28,2026-03-29
P55241624,samanthamartinez398,FJI,2036-03-28,2026-03-29
P63735463,aaliyahjames399,BHR,2036-03-28,2026-03-29
P96880411,elizabethnguyen400,TON,2036-03-28,2026-03-29
P58444030,brooklynperez401,TKM,2036-03-28,2026-03-29
P05308810,ellaharris402,MDV,2036-03-28,2026-03-29
P58304346,emmaallen403,MDG,2036-03-28,2026-03-29
P95837369,valentinaramirez404,TUN,2036-03-28,2026-03-29
P07635310,valentinaramirez404,ARE,2036-03-28,2026-03-29
P04595751,penelopedavis405,BGD,2036-03-28,2026-03-29
P55398037,samanthamartinez406,TUN,2036-03-28,2026-03-29
P43275562,juliareed407,ISL,2036-03-28,2026-03-29
P80359448,averyprice408,BHR,2036-03-28,2026-03-29
P41438356,lucybrown409,SRB,2036-03-28,2026-03-29
P11127100,lucybrown409,GBR,2036-03-28,2026-03-29
P94998192,carolinechavez410,MCO,2036-03-28,2026-03-29
P95279390,corathompson411,GUM,2036-03-28,2026-03-29
P03251042,johnjackson412,SEN,2036-03-28,2026-03-29
P14389015,chloeharris413,ARG,2036-03-28,2026-03-29
P30654430,claralewis414,ISL,2036-03-28,2026-03-29
P98011984,madisonwalker415,HND,2036-03-28,2026-03-29
P49725397,emilybennett416,MAC,2036-03-28,2026-03-29
P96072279,sadiecastillo417,MRT,2036-03-28,2026-03-29
P27045359,madelineross418,SPM,2036-03-28,2026-03-29
P32842565,sophielopez419,STP,2036-03-28,2026-03-29
P72408636,rubykelly420,COK,2036-03-28,2026-03-29
P78938725,rileyphillips421,TUV,2036-03-28,2026-03-29
P45630220,juliaramos422,NGA,2036-03-28,2026-03-29
P99583244,claireharris423,AZE,2036-03-28,2026-03-29
P31530535,claireharris423,CHN,2036-03-28,2026-03-29
P32541048,lydiapeterson424,KOR,2036-03-28,2026-03-29
P78426514,giannaramos425,ASM,2036-03-28,2026-03-29
P37187834,paisleykelly426,ETH,2036-03-28,2026-03-29
P76145948,aryawhite427,SYR,2036-03-28,2026-03-29
P01436102,avamendoza428,EST,2036-03-28,2026-03-29
P20880236,samanthagarcia429,ZWE,2036-03-28,2026-03-29
P52727329,sophiamorales430,AIA,2036-03-28,2026-03-29
P56393046,sophiamorales430,CIV,2036-03-28,2026-03-29
P52411453,abigailroberts431,BOL,2036-03-28,2026-03-29
P83815454,madisonlee432,KEN,2036-03-28,2026-03-29
P05729920,gracewhite433,TCA,2036-03-28,2026-03-29
P09625220,brooklyngarcia434,LAO,2036-03-28,2026-03-29
P92076886,brooklyngarcia434,CMR,2036-03-28,2026-03-29
P16460534,sophiaadams435,HND,2036-03-28,2026-03-29
P65944647,evahall436,GMB,2036-03-28,2026-03-29
P33719565,serenityramos437,HKG,2036-03-28,2026-03-29
P97914061,clairecollins438,QAT,2036-03-28,2026-03-29
P24541998,clairecollins438,TTO,2036-03-28,2026-03-29
P07716245,emiliaparker439,GBR,2036-03-28,2026-03-29
P85236292,aurorascott440,BWA,2036-03-28,2026-03-29
P82359557,islahughes441,MSR,2036-03-28,2026-03-29
P91967751,josephinehill442,TTO,2036-03-28,2026-03-29
P51665723,madelynstewart443,BEN,2036-03-28,2026-03-29
P71646314,lucyhughes444,MCO,2036-03-28,2026-03-29
P36553316,kennedydavis445,MLI,2036-03-28,2026-03-29
P30334949,ryleeanderson446,MAR,2036-03-28,2026-03-29
P80424967,annamendoza447,LAO,2036-03-28,2026-03-29
P48108245,autumnmoore448,AND,2036-03-28,2026-03-29
P44597735,nataliebrooks449,NIC,2036-03-28,2026-03-29
P34766698,nataliebrooks449,BEL,2036-03-28,2026-03-29
P07540125,lunabailey450,ITA,2036-03-28,2026-03-29
P25114372,willowsanders451,VNM,2036-03-28,2026-03-29
P06017621,emmahill452,BEL,2036-03-28,2026-03-29
P34583611,skylarcampbell453,WSM,2036-03-28,2026-03-29
P26358619,delilahbennett454,GHA,2036-03-28,2026-03-29
P13603910,chloecampbell455,BRB,2036-03-28,2026-03-29
P87439871,delilahbrooks456,CMR,2036-03-28,2026-03-29
P80539992,evelynclark457,PER,2036-03-28,2026-03-29
P58907983,delilahcooper458,NOR,2036-03-28,2026-03-29
P63961949,ellalong459,USA,2036-03-28,2026-03-29
P50400350,milacampbell460,CHL,2036-03-28,2026-03-29
P52218427,brooklynmorales461,ARG,2036-03-28,2026-03-29
P89478185,camilajohnson462,KEN,2036-03-28,2026-03-29
P00893667,paisleylewis463,IMN,2036-03-28,2026-03-29
P43433975,michaelroberts464,BHR,2036-03-28,2026-03-29
P90504438,gabriellahernandez465,SYC,2036-03-28,2026-03-29
P51229314,annacollins466,GNB,2036-03-28,2026-03-29
P43547989,addisonhoward467,SGP,2036-03-28,2026-03-29
P23078395,harperjames468,TLS,2036-03-28,2026-03-29
P92921760,lilyadams469,MSR,2036-03-28,2026-03-29
P93372736,naomimartinez470,LUX,2036-03-28,2026-03-29
P72669384,emeryhill471,TJK,2036-03-28,2026-03-29
P64505797,adelinegarcia472,KIR,2036-03-28,2026-03-29
P82137337,hannahjohnson473,HKG,2036-03-28,2026-03-29
P11507003,aryacook474,MTQ,2036-03-28,2026-03-29
P35399714,piperreed475,KIR,2036-03-28,2026-03-29
P03533137,abigailreed476,PRY,2036-03-28,2026-03-29
P27341597,aryaclark477,SPM,2036-03-28,2026-03-29
P69731489,zoewright478,MKD,2036-03-28,2026-03-29
P82901128,genesisdiaz479,ASM,2036-03-28,2026-03-29
P47771956,rubydavis480,GGY,2036-03-28,2026-03-29
P07719542,claireward481,MCO,2036-03-28,2026-03-29
P49474474,peytonsanchez482,HRV,2036-03-28,2026-03-29
P21165828,scarlettsanchez483,BHS,2036-03-28,2026-03-29
P62440610,ivygutierrez484,FRA,2036-03-28,2026-03-29
P36499466,milagutierrez485,CUB,2036-03-28,2026-03-29
P93670224,willowreyes486,BLZ,2036-03-28,2026-03-29
P33792945,akshayedwards487,CYP,2036-03-28,2026-03-29
P58447870,ivykim488,SAU,2036-03-28,2026-03-29
P66684052,scarlettgarcia489,MEX,2036-03-28,2026-03-29
P83769653,willowwilson490,KWT,2036-03-28,2026-03-29
P73869945,emilygreen491,SDN,2036-03-28,2026-03-29
P07993247,aurorawalker492,HRV,2036-03-28,2026-03-29
P08641546,avajackson493,MUS,2036-03-28,2026-03-29
P57427688,avajackson493,BLR,2036-03-28,2026-03-29
P36323409,giannawatson494,URY,2036-03-28,2026-03-29
P02899952,valentinapatel495,SGP,2036-03-28,2026-03-29
P13662464,alicehoward496,VUT,2036-03-28,2026-03-29
P12599259,sophiahughes497,MDG,2036-03-28,2026-03-29
P92017383,lucyfoster498,ZWE,2036-03-28,2026-03-29
P28499904,lucyfoster498,TUR,2036-03-28,2026-03-29
P93817594,genesistorres499,ESP,2036-03-28,2026-03-29
P25039871,autumnthompson500,VUT,2036-03-28,2026-03-29
P41248438,lilyevans501,DMA,2036-03-28,2026-03-29
P79792687,sarahmiller502,BRB,2036-03-28,2026-03-29
P35015477,abigailhernandez503,JOR,2036-03-28,2026-03-29
P83148361,violetmorgan504,HRV,2036-03-28,2026-03-29
P44130205,emeryreed505,CIV,2036-03-28,2026-03-29
P02751514,ryleehill506,NPL,2036-03-28,2026-03-29
P77653224,akshayjimenez507,CYP,2036-03-28,2026-03-29
P44964974,elianaanderson508,SGP,2036-03-28,2026-03-29
P80134206,sofiaedwards509,GMB,2036-03-28,2026-03-29
P77915483,madelyngreen510,MTQ,2036-03-28,2026-03-29
P46729867,zoeyhill511,GRD,2036-03-28,2026-03-29
P31483260,michaelmoore512,COL,2036-03-28,2026-03-29
P23436666,milaperez513,ETH,2036-03-28,2026-03-29
P76944341,chloesanchez514,LBR,2036-03-28,2026-03-29
P62201147,milawatson515,VNM,2036-03-28,2026-03-29
P22207504,evamorgan516,VUT,2036-03-28,2026-03-29
P45398700,elizabethevans517,MYS,2036-03-28,2026-03-29
P60973758,clairelee518,GUM,2036-03-28,2026-03-29
P79930070,avanguyen519,SYC,2036-03-28,2026-03-29
P09017787,delilahbrooks520,DNK,2036-03-28,2026-03-29
P99826225,josephinebrooks521,SUR,2036-03-28,2026-03-29
P29078859,lillianhughes522,TTO,2036-03-28,2026-03-29
P14232763,samantharobinson523,LSO,2036-03-28,2026-03-29
P87292153,lilymitchell524,DJI,2036-03-28,2026-03-29
P89802214,josephinefoster525,THA,2036-03-28,2026-03-29
P33347924,josephinefoster525,IRN,2036-03-28,2026-03-29
P96409728,ellagray526,MKD,2036-03-28,2026-03-29
P13472369,ellagray526,JPN,2036-03-28,2026-03-29
P30654161,autumnprice527,VEN,2036-03-28,2026-03-29
P04600058,noraperez528,AUT,2036-03-28,2026-03-29
P45528129,ryleeclark529,FRO,2036-03-28,2026-03-29
P84265336,mayakelly530,VNM,2036-03-28,2026-03-29
P53314451,michaelpeterson531,KGZ,2036-03-28,2026-03-29
P35403958,leahlong532,DNK,2036-03-28,2026-03-29
P66438521,aubreycampbell533,SHN,2036-03-28,2026-03-29
P40637618,lydiaanderson534,SEN,2036-03-28,2026-03-29
P67220570,aryamartin535,LAO,2036-03-28,2026-03-29
P10856003,ivynelson536,SVN,2036-03-28,2026-03-29
P38542518,corareed537,DZA,2036-03-28,2026-03-29
P71578029,corareed537,CZE,2036-03-28,2026-03-29
P42145914,elizabethflores538,EST,2036-03-28,2026-03-29
P28966897,willowstewart539,JEY,2036-03-28,2026-03-29
P61254361,vivianmiller540,OMN,2036-03-28,2026-03-29
P17010482,vivianmiller540,CHL,2036-03-28,2026-03-29
P57119561,novamendoza541,IMN,2036-03-28,2026-03-29
P79679059,kinsleyjackson542,BRA,2036-03-28,2026-03-29
P60359359,samanthaross543,SYR,2036-03-28,2026-03-29
P43405832,lucytaylor544,MNP,2036-03-28,2026-03-29
P00694343,rileybrown545,MNG,2036-03-28,2026-03-29
P13293637,evarobinson546,PRI,2036-03-28,2026-03-29
P56286199,elianaperez547,ISR,2036-03-28,2026-03-29
P97394101,oliviapatel548,BMU,2036-03-28,2026-03-29
P66095337,paisleyperez549,TUN,2036-03-28,2026-03-29
P22999766,leahmartinez550,MNP,2036-03-28,2026-03-29
P70811027,leahmartinez550,SHN,2036-03-28,2026-03-29
P68338562,naomicruz551,GNQ,2036-03-28,2026-03-29
P43771206,zoeythompson552,NLD,2036-03-28,2026-03-29
P79866250,michaelsanders553,UGA,2036-03-28,2026-03-29
P60285558,michaelsanders553,JAM,2036-03-28,2026-03-29
P43276836,kennedyallen554,UKR,2036-03-28,2026-03-29
P36084047,quinntaylor555,VIR,2036-03-28,2026-03-29
P92578298,gabriellabrown556,LVA,2036-03-28,2026-03-29
P78367481,kinsleyfoster557,BDI,2036-03-28,2026-03-29
P35166599,violetchavez558,ALB,2036-03-28,2026-03-29
P00435492,violetchavez558,TCD,2036-03-28,2026-03-29
P33854754,clarataylor559,AGO,2036-03-28,2026-03-29
P97769557,oliviascott560,MLI,2036-03-28,2026-03-29
P96327596,sarahhill561,BHR,2036-03-28,2026-03-29
P85674937,willowadams562,PHL,2036-03-28,2026-03-29
P24687863,peytonyoung563,IMN,2036-03-28,2026-03-29
P51687213,leahramirez564,MTQ,2036-03-28,2026-03-29
P01328104,victoriadiaz565,NLD,2036-03-28,2026-03-29
P66942463,isabellagutierrez566,CZE,2036-03-28,2026-03-29
P03968148,akshayflores567,KWT,2036-03-28,2026-03-29
P99399300,akshayflores567,TLS,2036-03-28,2026-03-29
P47624708,addisonruiz568,ECU,2036-03-28,2026-03-29
P88558665,arianamorales569,FIN,2036-03-28,2026-03-29
P02942927,naomiadams570,LAO,2036-03-28,2026-03-29
P32377753,lucyadams571,MEX,2036-03-28,2026-03-29
P19418498,lucyadams571,MSR,2036-03-28,2026-03-29
P18172060,novagreen572,GRL,2036-03-28,2026-03-29
P79664754,sadiemorgan573,MAR,2036-03-28,2026-03-29
P34909171,paisleygonzalez574,AZE,2036-03-28,2026-03-29
P05701372,paisleygonzalez574,MWI,2036-03-28,2026-03-29
P58386323,savannahroberts575,LAO,2036-03-28,2026-03-29
P38005730,lunagreen576,POL,2036-03-28,2026-03-29
P00718612,lunagreen576,LBY,2036-03-28,2026-03-29
P88899625,evachavez577,MLI,2036-03-28,2026-03-29
P70623509,ariamoore578,PAK,2036-03-28,2026-03-29
P06811595,clairejackson579,NLD,2036-03-28,2026-03-29
P22204058,hazeljohnson580,DEU,2036-03-28,2026-03-29
P36809716,josephinegomez581,CPV,2036-03-28,2026-03-29
P63408710,samanthaclark582,TLS,2036-03-28,2026-03-29
P08345019,naomisanders583,MAC,2036-03-28,2026-03-29
P15465482,johnmartinez584,CUB,2036-03-28,2026-03-29
P46480058,harperhernandez585,TUR,2036-03-28,2026-03-29
P10420163,lunamorgan586,OMN,2036-03-28,2026-03-29
P63782154,elenacampbell587,CAN,2036-03-28,2026-03-29
P48071466,haileyscott588,SGP,2036-03-28,2026-03-29
P65330314,bellaalvarez589,KIR,2036-03-28,2026-03-29
P16383730,camilastewart590,GIB,2036-03-28,2026-03-29
P13094199,camilastewart590,HUN,2036-03-28,2026-03-29
P67002457,elizabethadams591,RWA,2036-03-28,2026-03-29
P71184374,peytontorres592,BHS,2036-03-28,2026-03-29
P77924081,hazelross593,SRB,2036-03-28,2026-03-29
P60757449,hazelross593,MSR,2036-03-28,2026-03-29
P45316244,ariacox594,PSE,2036-03-28,2026-03-29
P75285126,ariacox594,FRO,2036-03-28,2026-03-29
P20914568,emerywhite595,GNB,2036-03-28,2026-03-29
P60155502,mayaward596,UZB,2036-03-28,2026-03-29
P05995872,noracox597,ERI,2036-03-28,2026-03-29
P85882703,stellajames598,NGA,2036-03-28,2026-03-29
P71455486,stellajames598,GUY,2036-03-28,2026-03-29
P63328359,sarahortiz599,EST,2036-03-28,2026-03-29
P34363407,willowmorgan600,SDN,2036-03-28,2026-03-29
P70719044,naomiroberts601,LBR,2036-03-28,2026-03-29
P87149190,miathompson602,BEN,2036-03-28,2026-03-29
P42617268,naomilewis603,HND,2036-03-28,2026-03-29
P36626494,eleanorflores604,SYR,2036-03-28,2026-03-29
P89760008,miathompson605,YEM,2036-03-28,2026-03-29
P40020152,lucysanders606,SOM,2036-03-28,2026-03-29
P74959338,bellahughes607,ARG,2036-03-28,2026-03-29
P40131793,peytonbennett608,TZA,2036-03-28,2026-03-29
P34388929,lunaparker609,SOM,2036-03-28,2026-03-29
P01198023,lunaparker609,FRO,2036-03-28,2026-03-29
P05111908,madelinerodriguez610,MHL,2036-03-28,2026-03-29
P91583228,josephinegarcia611,ANT,2036-03-28,2026-03-29
P32907487,skylarhoward612,JAM,2036-03-28,2026-03-29
P57317219,mayalopez613,RUS,2036-03-28,2026-03-29
P39879695,zoejohnson614,MYS,2036-03-28,2026-03-29
P63092247,miabrown615,WLF,2036-03-28,2026-03-29
P64660457,sophierodriguez616,MAC,2036-03-28,2026-03-29
P41061933,jenygomez617,BIH,2036-03-28,2026-03-29
P14373038,ariajohnson618,PAK,2036-03-28,2026-03-29
P82711765,novapatel619,BMU,2036-03-28,2026-03-29
P09243829,audreyedwards620,MAC,2036-03-28,2026-03-29
P54422314,nevaehmorris621,THA,2036-03-28,2026-03-29
P09800062,valentinarodriguez622,KIR,2036-03-28,2026-03-29
P53319624,isabellanelson623,AUS,2036-03-28,2026-03-29
P58409775,gabriellaedwards624,ESP,2036-03-28,2026-03-29
P25040004,serenityreed625,BHS,2036-03-28,2026-03-29
P59169277,abigailnguyen626,COL,2036-03-28,2026-03-29
P86885619,naomiross627,RWA,2036-03-28,2026-03-29
P50225045,elianarichardson628,VGB,2036-03-28,2026-03-29
P67755586,elianarichardson628,CAF,2036-03-28,2026-03-29
P01994644,hazelprice629,PLW,2036-03-28,2026-03-29
P07972766,sadieking630,MLT,2036-03-28,2026-03-29
P47929836,sadieking630,KHM,2036-03-28,2026-03-29
P92138647,sophiagutierrez631,SLE,2036-03-28,2026-03-29
P34909598,brooklynjackson632,VNM,2036-03-28,2026-03-29
P01134204,gabriellachavez633,URY,2036-03-28,2026-03-29
P91667661,ivywatson634,KIR,2036-03-28,2026-03-29
P15392166,penelopegomez635,SGP,2036-03-28,2026-03-29
P10422171,genesisthompson636,GUF,2036-03-28,2026-03-29
P60720798,stellaflores637,PRT,2036-03-28,2026-03-29
P99728095,charlottecox638,IRQ,2036-03-28,2026-03-29
P78194898,charlottecox638,ANT,2036-03-28,2026-03-29
P54279050,gracereed639,COD,2036-03-28,2026-03-29
P64575173,autumnreyes640,UKR,2036-03-28,2026-03-29
P39339681,ryleecruz641,AIA,2036-03-28,2026-03-29
P38879010,rileyalvarez642,CAN,2036-03-28,2026-03-29
P47853538,lucyward643,MEX,2036-03-28,2026-03-29
P49041407,michaeltorres644,RUS,2036-03-28,2026-03-29
P81128933,aaliyahkelly645,ISL,2036-03-28,2026-03-29
P10938792,hannahhughes646,COK,2036-03-28,2026-03-29
P36930842,everlychavez647,MYS,2036-03-28,2026-03-29
P44480515,rubycruz648,SWE,2036-03-28,2026-03-29
P31610084,juliawilson649,GIB,2036-03-28,2026-03-29
P05707981,rubygarcia650,MHL,2036-03-28,2026-03-29
P19993361,emilyreyes651,OMN,2036-03-28,2026-03-29
P71348749,mayathomas652,ABW,2036-03-28,2026-03-29
P18616584,mayathomas652,LKA,2036-03-28,2026-03-29
P44891399,sophiahoward653,AZE,2036-03-28,2026-03-29
P21369963,sophiahoward653,RUS,2036-03-28,2026-03-29
P79225380,peytongutierrez654,LSO,2036-03-28,2026-03-29
P03590990,eleanorrichardson655,GUF,2036-03-28,2026-03-29
P34184003,miagarcia656,NPL,2036-03-28,2026-03-29
P85911901,kinsleydavis657,MAR,2036-03-28,2026-03-29
P56027544,skylarrodriguez658,IMN,2036-03-28,2026-03-29
P22273245,giannagreen659,MOZ,2036-03-28,2026-03-29
P27567247,elliejames660,GUM,2036-03-28,2026-03-29
P10678368,coraadams661,ATG,2036-03-28,2026-03-29
P60732647,coraadams661,GLP,2036-03-28,2026-03-29
P07627179,serenitymorris662,MUS,2036-03-28,2026-03-29
P99244537,emmaramos663,VEN,2036-03-28,2026-03-29
P71392378,rubymorgan664,VCT,2036-03-28,2026-03-29
P22637123,graceward665,PAN,2036-03-28,2026-03-29
P84740504,isabellasanders666,DEU,2036-03-28,2026-03-29
P94681546,sophiajames667,ANT,2036-03-28,2026-03-29
P88928198,sophiajames667,ESH,2036-03-28,2026-03-29
P35054587,rileyrichardson668,TZA,2036-03-28,2026-03-29
P64197598,chloewood669,PNG,2036-03-28,2026-03-29
P30272670,hannahsmith670,GMB,2036-03-28,2026-03-29
P59123607,hannahsmith670,ARM,2036-03-28,2026-03-29
P19216153,eleanorkelly671,NRU,2036-03-28,2026-03-29
P96933043,emilymartin672,LVA,2036-03-28,2026-03-29
P95440518,penelopeclark673,MMR,2036-03-28,2026-03-29
P77344322,emilygomez674,MOZ,2036-03-28,2026-03-29
P83132297,lucyhoward675,NLD,2036-03-28,2026-03-29
P65610602,johnrodriguez676,EST,2036-03-28,2026-03-29
P71406257,kennedyallen677,BGR,2036-03-28,2026-03-29
P00595977,penelopegomez678,ERI,2036-03-28,2026-03-29
P66032723,charlottekim679,MEX,2036-03-28,2026-03-29
P77091795,charlottekim679,ROU,2036-03-28,2026-03-29
P75542418,akshaygray680,PNG,2036-03-28,2026-03-29
P00394744,allisonnelson681,BGR,2036-03-28,2026-03-29
P13440423,emiliamyers682,EST,2036-03-28,2026-03-29
P41916359,nataliebailey683,ZMB,2036-03-28,2026-03-29
P32390567,akshayjones684,BEL,2036-03-28,2026-03-29
P84866057,clarafoster685,YEM,2036-03-28,2026-03-29
P36549921,brooklynpeterson686,TZA,2036-03-28,2026-03-29
P74917997,ryleeflores687,JPN,2036-03-28,2026-03-29
P88875049,sophiadiaz688,NZL,2036-03-28,2026-03-29
P84666639,rileymorales689,SOM,2036-03-28,2026-03-29
P06036729,rileycook690,GEO,2036-03-28,2026-03-29
P11222561,madisoncooper691,MEX,2036-03-28,2026-03-29
P72171597,ameliayoung692,NIC,2036-03-28,2026-03-29
P55491463,aaliyahbrown693,CUB,2036-03-28,2026-03-29
P77467549,josephineperez694,JAM,2036-03-28,2026-03-29
P25322820,emerybrown695,DOM,2036-03-28,2026-03-29
P23458738,novamoore696,PNG,2036-03-28,2026-03-29
P45986816,elizabeththompson697,MNP,2036-03-28,2026-03-29
P45765823,elizabethreed698,MNP,2036-03-28,2026-03-29
P46616073,giannawood699,FJI,2036-03-28,2026-03-29
P96248211,naomiwalker700,VNM,2036-03-28,2026-03-29
P35279130,naomiwalker700,BLZ,2036-03-28,2026-03-29
P64155019,sophiahall701,OMN,2036-03-28,2026-03-29
P32872533,ryleerivera702,SRB,2036-03-28,2026-03-29
P74727909,miabrown703,SWE,2036-03-28,2026-03-29
P93873293,charlotteward704,NER,2036-03-28,2026-03-29
P90745908,sarahgray705,ATG,2036-03-28,2026-03-29
P91243900,aubreycruz706,ESH,2036-03-28,2026-03-29
P35725361,mayascott707,DJI,2036-03-28,2026-03-29
P86185165,eleanorgutierrez708,MRT,2036-03-28,2026-03-29
P31627753,sophiajones709,SMR,2036-03-28,2026-03-29
P59453344,giannahernandez710,NZL,2036-03-28,2026-03-29
P94860056,lunabrooks711,CHE,2036-03-28,2026-03-29
P24151274,lunabrooks711,FSM,2036-03-28,2026-03-29
P02194220,victorialopez712,CIV,2036-03-28,2026-03-29
P17294840,autumnjames713,BRN,2036-03-28,2026-03-29
P94195957,emerycastillo714,PHL,2036-03-28,2026-03-29
P30720635,samanthalong715,KIR,2036-03-28,2026-03-29
P90242055,isabellaevans716,BOL,2036-03-28,2026-03-29
P78661526,annahill717,GHA,2036-03-28,2026-03-29
P18214967,ivyramirez718,FJI,2036-03-28,2026-03-29
P49258858,sarahmendoza719,IRL,2036-03-28,2026-03-29
P26785460,emmapatel720,EST,2036-03-28,2026-03-29
P57423151,madelynwalker721,NAM,2036-03-28,2026-03-29
P71877297,autumngarcia722,ZAF,2036-03-28,2026-03-29
P02103749,carolinethompson723,LUX,2036-03-28,2026-03-29
P55677567,harperross724,VGB,2036-03-28,2026-03-29
P36573731,aaliyahlopez725,ERI,2036-03-28,2026-03-29
P02871419,josephineprice726,GMB,2036-03-28,2026-03-29
P37032688,genesismiller727,IRQ,2036-03-28,2026-03-29
P13005286,autumnturner728,GUF,2036-03-28,2026-03-29
P45551678,autumnturner728,PRT,2036-03-28,2026-03-29
P90169278,emmakelly729,SPM,2036-03-28,2026-03-29
P01383207,emeryward730,AZE,2036-03-28,2026-03-29
P99394952,emmamoore731,MKD,2036-03-28,2026-03-29
P72559879,quinncook732,BLZ,2036-03-28,2026-03-29
P97504208,willowking733,ZMB,2036-03-28,2026-03-29
P73670421,sophieross734,LBR,2036-03-28,2026-03-29
P79833053,brooklynmitchell735,PAK,2036-03-28,2026-03-29
P35702156,ivypeterson736,ITA,2036-03-28,2026-03-29
P94429020,nataliereed737,SWE,2036-03-28,2026-03-29
P90320167,elizabethcook738,BHS,2036-03-28,2026-03-29
P12797842,rubyallen739,DEU,2036-03-28,2026-03-29
P88630441,serenitywatson740,TJK,2036-03-28,2026-03-29
P69070740,scarlettkim741,ARE,2036-03-28,2026-03-29
P03418765,valentinaortiz742,BGR,2036-03-28,2026-03-29
P74636435,averyrobinson743,SRB,2036-03-28,2026-03-29
P93734133,penelopehoward744,CAF,2036-03-28,2026-03-29
P24859473,clairehill745,AZE,2036-03-28,2026-03-29
P08617981,milawatson746,AUS,2036-03-28,2026-03-29
P91264619,evelyncarter747,PAK,2036-03-28,2026-03-29
P95256568,evelyncarter747,SLE,2036-03-28,2026-03-29
P30799326,madisonfoster748,URY,2036-03-28,2026-03-29
P29697384,aaliyahevans749,MEX,2036-03-28,2026-03-29
P07209907,peytonedwards750,KOR,2036-03-28,2026-03-29
P16156617,islamiller751,URY,2036-03-28,2026-03-29
P68937879,claratorres752,HUN,2036-03-28,2026-03-29
P17168773,novatorres753,IDN,2036-03-28,2026-03-29
P96166222,paisleyjohnson754,EST,2036-03-28,2026-03-29
P99217143,vivianevans755,PYF,2036-03-28,2026-03-29
P51470383,nataliecastillo756,LSO,2036-03-28,2026-03-29
P45242171,aaliyahramirez757,KOR,2036-03-28,2026-03-29
P56366385,islalee758,GNB,2036-03-28,2026-03-29
P96448803,islalee758,HTI,2036-03-28,2026-03-29
P15641345,emmadavis759,KAZ,2036-03-28,2026-03-29
P03286916,ameliaramos760,BRN,2036-03-28,2026-03-29
P04468064,madelinemorales761,MUS,2036-03-28,2026-03-29
P26570326,emilytaylor762,SUR,2036-03-28,2026-03-29
P90113453,naomismith763,IND,2036-03-28,2026-03-29
P97078876,sofiagray764,BGR,2036-03-28,2026-03-29
P76959892,sofiagray764,TZA,2036-03-28,2026-03-29
P72519900,kinsleylewis765,LBR,2036-03-28,2026-03-29
P39676721,kinsleylewis765,BOL,2036-03-28,2026-03-29
P37932369,quinnwhite766,YEM,2036-03-28,2026-03-29
P69429927,oliviaking767,CAN,2036-03-28,2026-03-29
P85052751,autumnadams768,GAB,2036-03-28,2026-03-29
P26767989,harpergray769,FSM,2036-03-28,2026-03-29
P78426650,aurorasanchez770,SUR,2036-03-28,2026-03-29
P36096458,leahchavez771,KEN,2036-03-28,2026-03-29
P48928886,naomiruiz772,MMR,2036-03-28,2026-03-29
P84056552,norarichardson773,ESH,2036-03-28,2026-03-29
P04010404,ameliacastillo774,IDN,2036-03-28,2026-03-29
P45231291,elliecox775,ASM,2036-03-28,2026-03-29
P87819086,viviankim776,CYM,2036-03-28,2026-03-29
P70961626,viviankim776,SOM,2036-03-28,2026-03-29
P71044380,emmawilson777,BHR,2036-03-28,2026-03-29
P79239124,kinsleymorales778,GUF,2036-03-28,2026-03-29
P97194450,kinsleymorales778,HND,2036-03-28,2026-03-29
P57270136,abigailcarter779,NLD,2036-03-28,2026-03-29
P90210412,paisleywilliams780,VNM,2036-03-28,2026-03-29
P41216766,evelynflores781,IMN,2036-03-28,2026-03-29
P80049287,evacruz782,TUV,2036-03-28,2026-03-29
P71107427,quinnmartinez783,MYT,2036-03-28,2026-03-29
P96955275,aryaramos784,SWZ,2036-03-28,2026-03-29
P55168629,emmabailey785,BRN,2036-03-28,2026-03-29
P81737780,lucyperez786,BMU,2036-03-28,2026-03-29
P16906822,autumnthompson787,BEL,2036-03-28,2026-03-29
P81502767,josephineking788,PRI,2036-03-28,2026-03-29
P68892290,josephineking788,ETH,2036-03-28,2026-03-29
P31143478,haileychavez789,STP,2036-03-28,2026-03-29
P16861560,naomiruiz790,GNQ,2036-03-28,2026-03-29
P45860844,sofiaphillips791,TCD,2036-03-28,2026-03-29
P99302286,hannahgray792,TTO,2036-03-28,2026-03-29
P96235222,novatorres793,SWE,2036-03-28,2026-03-29
P54564264,paisleylewis794,PAK,2036-03-28,2026-03-29
P54880981,laylacampbell795,GIN,2036-03-28,2026-03-29
P94379158,elianawalker796,VNM,2036-03-28,2026-03-29
P27345033,ariasmith797,HKG,2036-03-28,2026-03-29
P28971926,lydiacastillo798,VCT,2036-03-28,2026-03-29
P58625856,sarahsanchez799,CUB,2036-03-28,2026-03-29
P29406997,jenyroberts800,COM,2036-03-28,2026-03-29
P51872038,carolinemorales801,GRD,2036-03-28,2026-03-29
P85179052,ariadavis802,ARG,2036-03-28,2026-03-29
P97236466,hazelphillips803,NER,2036-03-28,2026-03-29
P37433702,chloeallen804,MKD,2036-03-28,2026-03-29
P84398209,samantharichardson805,GNB,2036-03-28,2026-03-29
P60514925,kennedybailey806,DMA,2036-03-28,2026-03-29
P73273380,ameliagonzalez807,DEU,2036-03-28,2026-03-29
P53495524,abigailgomez808,DZA,2036-03-28,2026-03-29
P06405428,autumnmyers809,PAN,2036-03-28,2026-03-29
P18540626,brooklynmartinez810,MRT,2036-03-28,2026-03-29
P47199771,norarogers811,FIN,2036-03-28,2026-03-29
P11588680,violetanderson812,PRI,2036-03-28,2026-03-29
P23612352,violetanderson812,SOM,2036-03-28,2026-03-29
P21967909,sofiagreen813,CHE,2036-03-28,2026-03-29
P31889293,milajames814,ARM,2036-03-28,2026-03-29
P83102647,madelinehill815,VEN,2036-03-28,2026-03-29
P55424619,willowchavez816,COD,2036-03-28,2026-03-29
P74227686,gabriellamoore817,PYF,2036-03-28,2026-03-29
P41192650,gabriellamoore817,ECU,2036-03-28,2026-03-29
P87942580,nevaehcollins818,LKA,2036-03-28,2026-03-29
P10710031,sophialopez819,GUY,2036-03-28,2026-03-29
P82231828,clarapatel820,ABW,2036-03-28,2026-03-29
P14770296,avaturner821,ANT,2036-03-28,2026-03-29
P03674962,novatorres822,MWI,2036-03-28,2026-03-29
P23099435,novatorres822,TCD,2036-03-28,2026-03-29
P99053348,everlycook823,CYP,2036-03-28,2026-03-29
P41873359,everlycook823,GUF,2036-03-28,2026-03-29
P41601812,audreypeterson824,MMR,2036-03-28,2026-03-29
P54034277,adelineruiz825,MLT,2036-03-28,2026-03-29
P55227962,peytonwilson826,KNA,2036-03-28,2026-03-29
P75034258,violetrivera827,KAZ,2036-03-28,2026-03-29
P38722430,nataliehughes828,MYT,2036-03-28,2026-03-29
P66981362,evamendoza829,LVA,2036-03-28,2026-03-29
P21093327,novakim830,IRN,2036-03-28,2026-03-29
P10584946,novakim830,LIE,2036-03-28,2026-03-29
P85404644,stellamartinez831,BDI,2036-03-28,2026-03-29
P41242176,akshaybrooks832,IRQ,2036-03-28,2026-03-29
P04286271,johncruz833,GNQ,2036-03-28,2026-03-29
P10277669,allisonmendoza834,BRA,2036-03-28,2026-03-29
P50619934,audreyramos835,MLT,2036-03-28,2026-03-29
P06659226,bellamartin836,CYM,2036-03-28,2026-03-29
P15606838,leahreed837,NAM,2036-03-28,2026-03-29
P79735414,emiliawhite838,MRT,2036-03-28,2026-03-29
P47936657,laylabrooks839,PRY,2036-03-28,2026-03-29
P46346258,brooklyncooper840,BRN,2036-03-28,2026-03-29
P87492529,lillianflores841,ESH,2036-03-28,2026-03-29
P10153715,lilygutierrez842,GIB,2036-03-28,2026-03-29
P17560133,victorialewis843,ECU,2036-03-28,2026-03-29
P91403868,aubreyharris844,PNG,2036-03-28,2026-03-29
P59883804,victoriacox845,ERI,2036-03-28,2026-03-29
P42929848,lucylong846,SPM,2036-03-28,2026-03-29
P20208417,lucylong846,DOM,2036-03-28,2026-03-29
P14004194,oliviaevans847,RUS,2036-03-28,2026-03-29
P12863523,claraphillips848,ARE,2036-03-28,2026-03-29
P58150864,savannahflores849,PRY,2036-03-28,2026-03-29
P80940758,chloecook850,AND,2036-03-28,2026-03-29
P55242940,lilymorris851,MYS,2036-03-28,2026-03-29
P73954188,emiliacampbell852,TUV,2036-03-28,2026-03-29
P12040873,savannahsanchez853,OMN,2036-03-28,2026-03-29
P71190780,naomijames854,TLS,2036-03-28,2026-03-29
P23748058,ryleemyers855,SRB,2036-03-28,2026-03-29
P35137171,lillianrichardson856,PRY,2036-03-28,2026-03-29
P32376219,stellawilson857,MRT,2036-03-28,2026-03-29
P37976932,zoeycruz858,MUS,2036-03-28,2026-03-29
P05155758,emiliacruz859,ANT,2036-03-28,2026-03-29
P11669533,kinsleysanders860,LTU,2036-03-28,2026-03-29
P32116243,genesismendoza861,WSM,2036-03-28,2026-03-29
P33218650,carolinealvarez862,SVK,2036-03-28,2026-03-29
P07499909,gabriellahall863,ROU,2036-03-28,2026-03-29
P44918692,giannagarcia864,SHN,2036-03-28,2026-03-29
P85995576,skylarroberts865,LSO,2036-03-28,2026-03-29
P19542204,genesisbaker866,FSM,2036-03-28,2026-03-29
P40072282,juliarivera867,DJI,2036-03-28,2026-03-29
P50743551,laylareed868,DMA,2036-03-28,2026-03-29
P44681758,sadiesanchez869,TZA,2036-03-28,2026-03-29
P58970951,paisleylopez870,GUM,2036-03-28,2026-03-29
P84629684,giannahill871,DEU,2036-03-28,2026-03-29
P63998662,madelynjackson872,FJI,2036-03-28,2026-03-29
P18579281,nataliebailey873,KOR,2036-03-28,2026-03-29
P98859768,brooklynmiller874,BHS,2036-03-28,2026-03-29
P12148078,addisonhall875,LUX,2036-03-28,2026-03-29
P86132974,emmaturner876,KNA,2036-03-28,2026-03-29
P40106152,hannahphillips877,ZAF,2036-03-28,2026-03-29
P61006157,ariayoung878,MLT,2036-03-28,2026-03-29
P93291420,eleanorward879,HUN,2036-03-28,2026-03-29
P13502057,hazelprice880,LBR,2036-03-28,2026-03-29
P10329282,kinsleylewis881,IDN,2036-03-28,2026-03-29
P91305258,kinsleylewis881,MTQ,2036-03-28,2026-03-29
P43646881,emmasanders882,ITA,2036-03-28,2026-03-29
P38036112,arianadavis883,MDA,2036-03-28,2026-03-29
P31684674,bellaruiz884,GNB,2036-03-28,2026-03-29
P87071246,leahbrown885,CHN,2036-03-28,2026-03-29
P96474614,clarachavez886,PAK,2036-03-28,2026-03-29
P49950158,lunaallen887,BEN,2036-03-28,2026-03-29
P22454252,leahjones888,GUY,2036-03-28,2026-03-29
P53200341,carolinedavis889,MDG,2036-03-28,2026-03-29
P27871751,carolinedavis889,DMA,2036-03-28,2026-03-29
P02299312,jenyroberts890,LAO,2036-03-28,2026-03-29
P26504316,zoeybaker891,TTO,2036-03-28,2026-03-29
P36159417,skylarnelson892,OMN,2036-03-28,2026-03-29
P79784542,elliecooper893,HUN,2036-03-28,2026-03-29
P78607015,isabellagray894,GHA,2036-03-28,2026-03-29
P48030798,giannapeterson895,PAN,2036-03-28,2026-03-29
P52519987,emerychavez896,PLW,2036-03-28,2026-03-29
P69321574,hannahpatel897,SGP,2036-03-28,2026-03-29
P47658078,arianacooper898,RUS,2036-03-28,2026-03-29
P79136740,arianawood899,ZWE,2036-03-28,2026-03-29
P79252664,oliviamorris900,AUS,2036-03-28,2026-03-29
P12806849,emiliacastillo901,COD,2036-03-28,2026-03-29
P43969376,emerywhite902,MUS,2036-03-28,2026-03-29
P23732656,sarahjames903,HTI,2036-03-28,2026-03-29
P50859876,arianahernandez904,IMN,2036-03-28,2026-03-29
P76120839,chloewood905,CAF,2036-03-28,2026-03-29
P20287598,avaturner906,BIH,2036-03-28,2026-03-29
P27467099,rubyreed907,USA,2036-03-28,2026-03-29
P08068377,rubyreed907,KEN,2036-03-28,2026-03-29
P56205536,ameliasanchez908,NAM,2036-03-28,2026-03-29
P53720188,victoriamartin909,GUF,2036-03-28,2026-03-29
P44213907,haileyphillips910,VEN,2036-03-28,2026-03-29
P98500204,violetflores911,GRL,2036-03-28,2026-03-29
P38517479,brooklynwatson912,LBN,2036-03-28,2026-03-29
P49862661,claireflores913,MRT,2036-03-28,2026-03-29
P02863510,autumnwhite914,ISR,2036-03-28,2026-03-29
P34350436,evaortiz915,JOR,2036-03-28,2026-03-29
P80427515,eleanorthompson916,AZE,2036-03-28,2026-03-29
P48509715,averywilliams917,UGA,2036-03-28,2026-03-29
P44759571,rileymartinez918,PLW,2036-03-28,2026-03-29
P81191043,scarletthernandez919,UKR,2036-03-28,2026-03-29
P07423572,delilahstewart920,CAF,2036-03-28,2026-03-29
P46189540,jenyhoward921,TJK,2036-03-28,2026-03-29
P13351076,lilybennett922,BDI,2036-03-28,2026-03-29
P78519508,evathomas923,MCO,2036-03-28,2026-03-29
P88575145,zoewalker924,LIE,2036-03-28,2026-03-29
P28189712,lunacampbell925,BLR,2036-03-28,2026-03-29
P79357647,scarlettmiller926,BRB,2036-03-28,2026-03-29
P13261969,arianagomez927,BLR,2036-03-28,2026-03-29
P93093321,quinnward928,ABW,2036-03-28,2026-03-29
P35956940,josephinenelson929,IRL,2036-03-28,2026-03-29
P68241230,hannahtaylor930,FRO,2036-03-28,2026-03-29
P12534152,abigailrodriguez931,AND,2036-03-28,2026-03-29
P43324978,abigailrodriguez931,ARG,2036-03-28,2026-03-29
P76141031,audreybennett932,BGD,2036-03-28,2026-03-29
P26156946,laylamiller933,MLT,2036-03-28,2026-03-29
P16249898,chloefoster934,TUV,2036-03-28,2026-03-29
P78655162,chloefoster934,MNP,2036-03-28,2026-03-29
P74309964,chloecampbell935,HND,2036-03-28,2026-03-29
P44667251,annaallen936,GNQ,2036-03-28,2026-03-29
P57663037,aurorasanders937,URY,2036-03-28,2026-03-29
P25941855,gabriellasmith938,CAN,2036-03-28,2026-03-29
P94006783,isabellaflores939,TZA,2036-03-28,2026-03-29
P31110187,lilylee940,KWT,2036-03-28,2026-03-29
P49572996,averymitchell941,ARG,2036-03-28,2026-03-29
P64927408,avajohnson942,BRB,2036-03-28,2026-03-29
P89171024,abigailsmith943,GTM,2036-03-28,2026-03-29
P88311806,valentinaortiz944,AFG,2036-03-28,2026-03-29
P78459136,bellamartinez945,CYP,2036-03-28,2026-03-29
P37056055,bellamartinez945,IRQ,2036-03-28,2026-03-29
P80245170,laylakelly946,PHL,2036-03-28,2026-03-29
P02074097,savannahrivera947,LBN,2036-03-28,2026-03-29
P31125835,avamendoza948,GAB,2036-03-28,2026-03-29
P76314582,bellajames949,ECU,2036-03-28,2026-03-29
P35742253,valentinacarter950,IRN,2036-03-28,2026-03-29
P18647733,valentinacarter950,ZMB,2036-03-28,2026-03-29
P75090226,serenitycollins951,CIV,2036-03-28,2026-03-29
P30687960,zoeymoore952,PYF,2036-03-28,2026-03-29
P38418573,novaprice953,COK,2036-03-28,2026-03-29
P64595483,leahpeterson954,HTI,2036-03-28,2026-03-29
P98294759,chloeross955,IND,2036-03-28,2026-03-29
P47317064,coramoore956,VCT,2036-03-28,2026-03-29
P01428610,elenaparker957,CYP,2036-03-28,2026-03-29
P53304214,lilydiaz958,KNA,2036-03-28,2026-03-29
P81896690,naomijames959,PHL,2036-03-28,2026-03-29
P29015729,sophiamartin960,UGA,2036-03-28,2026-03-29
P32794431,claracooper961,SWE,2036-03-28,2026-03-29
P15823492,elizabethrobinson962,JOR,2036-03-28,2026-03-29
P19272851,islaruiz963,COM,2036-03-28,2026-03-29
P89704939,madelinereed964,SOM,2036-03-28,2026-03-29
P26410884,akshaymorgan965,AFG,2036-03-28,2026-03-29
P35157677,akshaymorgan965,HND,2036-03-28,2026-03-29
P36665953,piperrogers966,BWA,2036-03-28,2026-03-29
P75878406,charlottecruz967,IDN,2036-03-28,2026-03-29
P38449374,zoeykim968,VEN,2036-03-28,2026-03-29
P06182101,lucygomez969,PRY,2036-03-28,2026-03-29
P71584345,lucygomez969,GIN,2036-03-28,2026-03-29
P42477211,elenalopez970,BOL,2036-03-28,2026-03-29
P75017546,elenawright971,GTM,2036-03-28,2026-03-29
P78733313,kennedyramirez972,TTO,2036-03-28,2026-03-29
P87351982,carolinebrown973,JAM,2036-03-28,2026-03-29
P95722311,savannahrobinson974,ESP,2036-03-28,2026-03-29
P97190119,aryaedwards975,SLB,2036-03-28,2026-03-29
P03935307,ameliabrooks976,BEN,2036-03-28,2026-03-29
P92080704,willowevans977,REU,2036-03-28,2026-03-29
P87908765,elizabethcastillo978,MEX,2036-03-28,2026-03-29
P97349032,abigailalvarez979,TCA,2036-03-28,2026-03-29
P88707334,gracewood980,SDN,2036-03-28,2026-03-29
P81518904,skylarjohnson981,MYS,2036-03-28,2026-03-29
P03745856,addisonbennett982,SLB,2036-03-28,2026-03-29
P33636670,kennedyrodriguez983,COM,2036-03-28,2026-03-29
P15826381,leahwilson984,REU,2036-03-28,2026-03-29
P19985040,milabaker985,KWT,2036-03-28,2026-03-29
P47110928,laylabailey986,SOM,2036-03-28,2026-03-29
P43150107,skylargomez987,DEU,2036-03-28,2026-03-29
P49113952,penelopenguyen988,PHL,2036-03-28,2026-03-29
P28959478,gracegomez989,VNM,2036-03-28,2026-03-29
P93953031,ivyrogers990,MEX,2036-03-28,2026-03-29
P50128918,harperbaker991,KHM,2036-03-28,2026-03-29
P01037233,delilahmitchell992,LUX,2036-03-28,2026-03-29
P80049448,isabellataylor993,MLT,2036-03-28,2026-03-29
P83380173,sophieprice994,PRT,2036-03-28,2026-03-29
P86841188,mayaperez995,CYM,2036-03-28,2026-03-29
P68405162,johnortiz996,PRK,2036-03-28,2026-03-29
P26797667,skylarthompson997,MYS,2036-03-28,2026-03-29
P75001371,sophiawalker998,ASM,2036-03-28,2026-03-29
P74867362,lillianmorales999,ALB,2036-03-28,2026-03-29
P82264993,nevaehpatel1000,VIR,2036-03-28,2026-03-29
P94260653,quinntorres1001,SUR,2036-03-28,2026-03-29
P67474001,lunaflores1002,BHS,2036-03-28,2026-03-29
